episodes,eval_sod_reward,eval_sod_end_l2
10,-42.45151672121315,0.002056049163490319
20,-34.74006913800988,0.001748488660685212
30,-28.972658389099916,0.0016264514057310433
40,-25.035093128407524,0.0014867188073514242
50,-22.587203655156724,0.0014375272430731808
60,-20.99877093677831,0.0014346430446913728
70,-19.801788847089814,0.001425216601917408
80,-18.740291829823395,0.0013998224856432437
90,-17.72972091293524,0.0013348189240976528
100,-16.75758011656864,0.0012270997483520608
110,-15.775338742703516,0.0010868912209622392
120,-14.865107233565004,0.0009298152128852573
130,-13.997978026213232,0.0007520907959938315
140,-13.22862785764397,0.0005816049910205061
150,-12.625237541702987,0.0004896083753360762
160,-12.225385795226776,0.0004551499745831834
170,-11.969864453641568,0.0004402700148346017
180,-11.710965005813094,0.00042188213740392477
190,-11.452510464549055,0.00040334084397882885
200,-11.23231862779771,0.0003909079063218504
210,-11.021924721494813,0.00037865306706286016
220,-10.813204173831883,0.0003653922204541675
230,-10.636718859334593,0.0003554074760888463
240,-10.49411471453351,0.0003484862876365359
250,-10.35792647517647,0.0003416607607874433
260,-10.244093878203692,0.0003371095266316875
270,-10.125678146680109,0.0003320705386331889
280,-10.001178519251212,0.00032649392180722795
290,-9.89772308798075,0.0003230860020391448
300,-9.792031301729168,0.0003195984884077292
310,-9.687275443276581,0.00031640407145623465
320,-9.578523710799521,0.000312362329912583
330,-9.453833713702267,0.00030647558654865904
340,-9.340739260191548,0.00030147668856782294
350,-9.214441267905785,0.0002953901593602361
360,-9.082440187459156,0.0002880865094337758
370,-8.936422128498121,0.00027891100777797126
380,-8.780981161371246,0.000267598250456465
390,-8.598902580610723,0.0002527766677775886
400,-8.33096279213707,0.00023092969732076772
410,-7.858050655479083,0.00019998261546344762
420,-7.3074458521221475,0.0001769300478563194
430,-6.870005837873429,0.0001662894034066045
440,-6.494629125076039,0.00015084847378037973
450,-6.130374916305335,0.00013106421372384203
460,-5.803076192157486,0.00011084971724647813
470,-5.562551292843119,9.838515220460772e-05
480,-5.41973070784539,9.641750723034325e-05
490,-5.28005006209986,9.458188862954023e-05
500,-5.145668132820415,8.994210423185972e-05
510,-5.03906376656792,8.840103651605038e-05
520,-4.953808461723759,8.839664206069992e-05
530,-4.873352349797329,8.801431968805148e-05
540,-4.800561798151765,8.74552111945617e-05
550,-4.739922295146639,8.750116682219728e-05
560,-4.6865284301632935,8.754707504010679e-05
570,-4.636786700255885,8.752627804582116e-05
580,-4.5924680351883636,8.779925867221707e-05
590,-4.54814091630996,8.801534469644564e-05
600,-4.506513860213516,8.82354237860806e-05
610,-4.461144107244679,8.770156863897372e-05
620,-4.420884067341919,8.768736176588242e-05
630,-4.381708418186961,8.747473030767666e-05
640,-4.347495776910383,8.758284154339914e-05
650,-4.311747193291779,8.734381818883654e-05
660,-4.277181769659074,8.713668208634888e-05
670,-4.244559400498724,8.707977282981379e-05
680,-4.213422806412422,8.677320782099443e-05
690,-4.182953018767843,8.63697667479467e-05
700,-4.1562253692207465,8.629788111064495e-05
710,-4.131981812572499,8.671655062009921e-05
720,-4.105834275413854,8.67131645140965e-05
730,-4.078862901941192,8.666150164466534e-05
740,-4.051983279965428,8.678792183104479e-05
750,-4.026074245452495,8.695070259262885e-05
760,-4.002125493211252,8.710570094140652e-05
770,-3.978788499513021,8.69631125541226e-05
780,-3.957457624188475,8.693153119972669e-05
790,-3.9374971829691674,8.684809032087176e-05
800,-3.9190099912204683,8.693571615852596e-05
810,-3.900841357612632,8.694362314764054e-05
820,-3.883216828958728,8.692447402670089e-05
830,-3.8653745837954845,8.683006793468133e-05
840,-3.847808162916977,8.686041840605133e-05
850,-3.8320814548668913,8.68896009087601e-05
860,-3.8161376049782985,8.703933461590923e-05
870,-3.8004951946501997,8.731048194068861e-05
880,-3.7823550617463657,8.695221935947011e-05
890,-3.765321793072868,8.686710318529357e-05
900,-3.749869789175886,8.712205045461207e-05
910,-3.7330276710159276,8.711730601501721e-05
920,-3.7195544883561893,8.74466067875521e-05
930,-3.7037422984908273,8.734973264674856e-05
940,-3.6887701459847286,8.721064191849483e-05
950,-3.673192139254082,8.694473132783881e-05
960,-3.659673978756924,8.68582440191017e-05
970,-3.6456310747627363,8.646933838836022e-05
980,-3.634333330169561,8.648353593647008e-05
990,-3.621577463111406,8.624437011289373e-05
1000,-3.610254331320911,8.611294130106967e-05
1010,-3.597873366316328,8.592052645409194e-05
1020,-3.5846266345454425,8.54557630716758e-05
1030,-3.573071929177548,8.517500522105944e-05
1040,-3.564144279504204,8.52172609784341e-05
1050,-3.550875780389839,8.454393695333116e-05
1060,-3.5413132556607043,8.434613060576644e-05
1070,-3.5327821148337955,8.431805914715941e-05
1080,-3.521216564812901,8.392741289870955e-05
1090,-3.510324751986154,8.362848872015134e-05
1100,-3.5002479850841097,8.341329918524202e-05
1110,-3.489628807695759,8.309877152413167e-05
1120,-3.4784760938519717,8.280307427111481e-05
1130,-3.4690583307866607,8.257164696572866e-05
1140,-3.459446788894283,8.236640526194078e-05
1150,-3.4499036443117412,8.218266902771653e-05
1160,-3.4402739701333758,8.189797963397106e-05
1170,-3.43000076316576,8.159621853349026e-05
1180,-3.4214707259344563,8.142106397710327e-05
1190,-3.411780263569002,8.110056165139275e-05
1200,-3.401160250283921,8.078823261583425e-05
1210,-3.3908847874134334,8.046022929347e-05
1220,-3.381615470345144,8.024384259902046e-05
1230,-3.371015563849145,7.982370699125804e-05
1240,-3.3618623931490554,7.965032265774929e-05
1250,-3.3518446368699166,7.933304304666177e-05
1260,-3.3420557345056685,7.897460747374112e-05
1270,-3.3318432474643225,7.861211067065867e-05
1280,-3.3222566851041315,7.824695239674667e-05
1290,-3.312454696536451,7.787995276751361e-05
1300,-3.303585005683427,7.7596636124498e-05
1310,-3.293879754333665,7.728503152472627e-05
1320,-3.2838666289418774,7.685935003693609e-05
1330,-3.274313519242874,7.649587360955875e-05
1340,-3.2676949824075265,7.655134304816253e-05
1350,-3.260707188695535,7.644757915604347e-05
1360,-3.2515591394931973,7.618759009710912e-05
1370,-3.241964759922786,7.594573310032383e-05
1380,-3.2306874857991414,7.544893329760896e-05
1390,-3.2226790135537406,7.542975740060428e-05
1400,-3.2147078169513352,7.527321657835422e-05
1410,-3.204248942169274,7.491512917133969e-05
1420,-3.196212922195333,7.491415845121577e-05
1430,-3.1830077809171726,7.41856913737614e-05
1440,-3.1743649917061476,7.406367808043707e-05
1450,-3.166642169967029,7.408309599708352e-05
1460,-3.1526703980007103,7.312658467194355e-05
1470,-3.141798013548121,7.285292572812947e-05
1480,-3.1332602264654885,7.277482197369716e-05
1490,-3.1214043740096673,7.220691945167389e-05
1500,-3.1130633311101676,7.211293310797404e-05
1510,-3.1026508353926068,7.17272519148672e-05
1520,-3.092774928180551,7.14594755105145e-05
1530,-3.0817777775654123,7.111528984256897e-05
1540,-3.0699826929814784,7.070995469448474e-05
1550,-3.0566099349883338,7.01110045650801e-05
1560,-3.0431899294899636,6.950932154363977e-05
1570,-3.0485885498415946,7.145091776293804e-05
1580,-3.032013617267999,7.034356865254455e-05
1590,-3.0220166454143267,7.010737256799672e-05
1600,-2.998336158873195,6.788735799471449e-05
1610,-2.995096471145908,6.85288476066139e-05
1620,-2.985504038368292,6.828070878124594e-05
1630,-2.9656733222630742,6.653567964118716e-05
1640,-2.9478723034937198,6.519848036069043e-05
1650,-2.954108882059824,6.702453804748454e-05
1660,-2.9525942033021706,6.762714160118886e-05
1670,-2.9356133232206916,6.613419772135365e-05
1680,-2.9386073253015197,6.750700068746934e-05
1690,-2.9261748164713453,6.665710745283e-05
1700,-2.9027289422194484,6.388263828323379e-05
1710,-2.911464727430225,6.58561798177152e-05
1720,-2.8855170286759297,6.291718115562748e-05
1730,-2.8905778566905567,6.485360426258634e-05
1740,-2.8567939413085814,6.155721710886242e-05
1750,-2.860796984852359,6.392000136981681e-05
1760,-2.851528595557776,6.373436119941587e-05
1770,-2.8407490112741,6.338403298038513e-05
1780,-2.813716759782532,6.056159790784819e-05
1790,-2.812051785915008,6.138983708033211e-05
1800,-2.7950882254017224,6.007064474510599e-05
1810,-2.805342281756135,6.244542171401306e-05
1820,-2.783465304977866,6.032331135088694e-05
1830,-2.767055059664434,5.912022313235531e-05
1840,-2.753187614292932,5.816739973224706e-05
1850,-2.7600147571628266,5.997301264174172e-05
1860,-2.764125435946731,6.149342648696207e-05
1870,-2.735347229795479,5.83809092649422e-05
1880,-2.74178534033163,6.020292465294136e-05
1890,-2.73292289972553,6.0070098787364965e-05
1900,-2.7152140851686393,5.8470854897238254e-05
1910,-2.7212789137965188,6.0108622526197395e-05
1920,-2.7005957338864026,5.801264533601778e-05
1930,-2.696335708433745,5.8185421137011866e-05
1940,-2.7012294358405544,5.9542751975415435e-05
1950,-2.684737331951608,5.8349303635696494e-05
1960,-2.6756725398757304,5.790615227114862e-05
1970,-2.669262752697302,5.77267850200656e-05
1980,-2.6595688639464776,5.697744606786612e-05
1990,-2.653283547757375,5.682004728240593e-05
2000,-2.636171163959274,5.5514011476229354e-05
2010,-2.644198429176973,5.726855652430057e-05
2020,-2.630696969556802,5.58696269544322e-05
2030,-2.6328866537934057,5.7250111926021574e-05
2040,-2.6072525179743233,5.4421227948819806e-05
2050,-2.611815338690534,5.580572896373135e-05
2060,-2.610886971659563,5.653348312410245e-05
2070,-2.5820512922349685,5.339887665014374e-05
2080,-2.599098615652966,5.659732800630552e-05
2090,-2.586504700491457,5.564396723267955e-05
2100,-2.5676541551857577,5.369280724377166e-05
2110,-2.5789780979972785,5.582215778419016e-05
2120,-2.5624996200652457,5.435715597399303e-05
2130,-2.5578538766762584,5.437828519933092e-05
2140,-2.5511681127234533,5.40705314828428e-05
2150,-2.543821301165439,5.376615496540222e-05
2160,-2.544234194705488,5.456659671599541e-05
2170,-2.5150564814428487,5.0978008634574384e-05
2180,-2.5318139845622225,5.403518190058617e-05
2190,-2.526197052495202,5.3979289852689355e-05
2200,-2.5018086966117035,5.119944081475649e-05
2210,-2.5137297163201064,5.337870848976335e-05
2220,-2.4852956254021197,4.976130444653643e-05
2230,-2.509863460552713,5.3582694975601606e-05
2240,-2.4936969169667154,5.184054242591261e-05
2250,-2.4790228539125407,5.0346490492990024e-05
2260,-2.4946848493826304,5.3021321495210085e-05
2270,-2.4797949621689335,5.141475938743563e-05
2280,-2.455003624667426,4.8403243621941025e-05
2290,-2.4801851540880375,5.256479093322526e-05
2300,-2.474693732549261,5.2270292820524155e-05
2310,-2.4719287984447145,5.216605821760327e-05
2320,-2.4641106170207707,5.156642945029059e-05
2330,-2.4607933715201837,5.1714961163573706e-05
2340,-2.461745563191451,5.2283957833107345e-05
2350,-2.451080716494504,5.106809063906435e-05
2360,-2.436390011807559,4.953145682907175e-05
2370,-2.4264302518677554,4.854988758214488e-05
2380,-2.4164869725384186,4.771738752203799e-05
2390,-2.4352298861278525,5.07570179295926e-05
2400,-2.429329993354858,5.041598496172182e-05
2410,-2.413279160233204,4.8460168912761145e-05
2420,-2.4208725933205373,5.011511622957481e-05
2430,-2.416975177660546,5.022587552687921e-05
2440,-2.422860030024403,5.144546288291767e-05
2450,-2.405432086671066,5.005186287509897e-05
2460,-2.4003021030351466,4.9066584376618745e-05
2470,-2.4004383520103905,4.8991704827874646e-05
2480,-2.403423945316755,5.041411494471972e-05
2490,-2.391887170190286,4.890058119823458e-05
2500,-2.3912442926520487,4.9137852487360055e-05
2510,-2.3956526439605796,4.9900516082240595e-05
2520,-2.396642533189857,5.044616052231194e-05
2530,-2.374386591805722,4.769928209985468e-05
2540,-2.3822261944384553,4.89417654598085e-05
2550,-2.384849519822246,5.0036383161222667e-05
2560,-2.3646031642041265,4.7570790540257585e-05
2570,-2.3734607666422622,4.953652418746011e-05
2580,-2.3565168606801294,4.7275622055468134e-05
2590,-2.370095763698503,4.956285217464805e-05
2600,-2.3784855360654884,5.125652595857466e-05
2610,-2.3477449572331457,4.7013869453884796e-05
2620,-2.3611857443177584,4.940076290299143e-05
2630,-2.348609912702836,4.8044785724345744e-05
2640,-2.3606183848208393,5.014410920439076e-05
2650,-2.3489728286193667,4.887677677506328e-05
2660,-2.3448154970399666,4.8705425020896145e-05
2670,-2.341313536343097,4.8600293849622134e-05
2680,-2.344762897937347,4.955457585675963e-05
2690,-2.3246257241970505,4.69619020444216e-05
2700,-2.3698978123884387,5.109247555681404e-05
2710,-2.352418499692052,4.933601083741875e-05
2720,-2.3291129234178904,4.879065293108082e-05
2730,-2.326784927924073,4.892184733115491e-05
2740,-2.3148104589468237,4.767698155254064e-05
2750,-2.332535696579521,5.05019366151314e-05
2760,-2.3008546978314555,4.630863361621442e-05
2770,-2.324274297310126,4.995805920672418e-05
2780,-2.323452518992943,5.019732327114241e-05
2790,-2.298452514420186,4.6893893456229614e-05
2800,-2.299742714872808,4.7511048941702795e-05
2810,-2.302172260432482,4.832946456042429e-05
2820,-2.3027086239186887,4.8788339798145955e-05
2830,-2.2981866954076153,4.8613198183278176e-05
2840,-2.2990298256686987,4.926224188358941e-05
2850,-2.2877820075850064,4.7942399193067826e-05
2860,-2.2850695116766,4.8013407758287384e-05
2870,-2.2729693942131135,4.6780375222613366e-05
2880,-2.2785233783755934,4.807490339355626e-05
2890,-2.2762891751593473,4.828514791252848e-05
2900,-2.2690904818248248,4.7673204517884035e-05
2910,-2.2657756323917226,4.788449260990315e-05
2920,-2.2614386765307732,4.7760969692371617e-05
2930,-2.2559392601872315,4.722331123365481e-05
2940,-2.274895729867333,5.0497999023528455e-05
2950,-2.2486773317586315,4.70711944449275e-05
2960,-2.249929223068999,4.7897426705059937e-05
2970,-2.2459415923990225,4.786258363452602e-05
2980,-2.256990672477576,5.02574818228981e-05
2990,-2.253227466680619,5.060489328618069e-05
3000,-2.2485881183680334,5.075813118370573e-05
3010,-2.2338986681292834,4.917523550103547e-05
3020,-2.2311344768627603,4.937069798891583e-05
3030,-2.2430002159803415,5.195088910722949e-05
3040,-2.227225244121233,5.0272325547130556e-05
3050,-2.2188985229880402,4.959357772918553e-05
3060,-2.231525711393188,5.218626430344865e-05
3070,-2.2307475518731836,5.2591368864831534e-05
3080,-2.2303987467609843,5.304369817407592e-05
3090,-2.2220894709540153,5.2382267096705e-05
3100,-2.202116866353131,4.983286922438198e-05
3110,-2.2146538748214173,5.245180403966462e-05
3120,-2.2216634300451266,5.401573615578221e-05
3130,-2.2075300880188156,5.2474010884434724e-05
3140,-2.1832222367751934,4.9568138938206376e-05
3150,-2.1979845998695553,5.2293454416952345e-05
3160,-2.210076335910362,5.448724989137639e-05
3170,-2.208584925852565,5.450293312091532e-05
3180,-2.1924125399460834,5.236378583277499e-05
3190,-2.1724988974959327,5.013744262716726e-05
3200,-2.1848641597251874,5.250521336007078e-05
3210,-2.188523744928777,5.362865126400649e-05
3220,-2.16898756826992,5.1385603698707e-05
3230,-2.1791431003853887,5.264639152181196e-05
3240,-2.179217382570972,5.31641769709437e-05
3250,-2.175381612367567,5.336760326183824e-05
3260,-2.1792320906778624,5.458748437972882e-05
3270,-2.15221450605597,5.1498381793135e-05
3280,-2.1406849870961473,5.001665975234094e-05
3290,-2.1449777995956882,5.1459186448052326e-05
3300,-2.150108050159933,5.274018339262851e-05
3310,-2.1467070743363847,5.2335523032271003e-05
3320,-2.1399184741406896,5.227553843886891e-05
3330,-2.1376786873260474,5.2636786755601716e-05
3340,-2.1345042063120836,5.255271880883511e-05
3350,-2.1413182738119154,5.414034443918118e-05
3360,-2.1259812440742203,5.2463186943786706e-05
3370,-2.138520070714222,5.438498974390666e-05
3380,-2.1073904468300455,5.068608511405401e-05
3390,-2.1272993599462686,5.3889825049282825e-05
3400,-2.1007391280305856,5.0218211986334796e-05
3410,-2.1180095719099534,5.3620872208048365e-05
3420,-2.089753160649069,4.919142034225702e-05
3430,-2.1141793255555195,5.3472366482973985e-05
3440,-2.0801208596007976,4.824951272314069e-05
3450,-2.0854906089768046,4.967454170892086e-05
3460,-2.0922963032351216,5.1307655043246846e-05
3470,-2.099971520699389,5.263363978656053e-05
3480,-2.1002178081169123,5.266321878947917e-05
3490,-2.0797430075461323,4.971785661091222e-05
3500,-2.07937161252122,4.990990940300158e-05
3510,-2.072052925921072,4.890498492268612e-05
3520,-2.0702040845873664,4.897486040940743e-05
3530,-2.0791062695120313,5.0742501732514594e-05
3540,-2.0660607575901273,4.8597358061581316e-05
3550,-2.0623982307006767,4.8540363260691404e-05
3560,-2.0809765183381193,5.1516367385584864e-05
3570,-2.055036030846314,4.820324365958436e-05
3580,-2.0465049277397136,4.728205582386173e-05
3590,-2.077154180259208,5.207836239190663e-05
3600,-2.048676701758312,4.799081709984302e-05
3610,-2.0348376998983104,4.5757709386986994e-05
3620,-2.047254977368406,4.779172694431973e-05
3630,-2.0489829889918814,4.795759380470777e-05
3640,-2.0427456104429162,4.745329441638245e-05
3650,-2.0543457579235347,4.9215090267034735e-05
3660,-2.0336740420960786,4.6088457853368984e-05
3670,-2.0473561412463415,4.851198561594431e-05
3680,-2.056227434076394,4.9701966506664995e-05
3690,-2.0486225396209368,4.878705732626036e-05
3700,-2.0339180981025113,4.692493394470124e-05
3710,-2.028988440438298,4.600254302451053e-05
3720,-2.0289687519133652,4.6447619044633965e-05
3730,-2.036765999232586,4.790409597984986e-05
3740,-2.0363810197554613,4.8132237039797844e-05
3750,-2.0320861430754684,4.737768215596858e-05
3760,-2.0320266963321685,4.79235975993416e-05
3770,-2.03043259006121,4.8179008607669665e-05
3780,-2.0197864120997524,4.678315335773245e-05
3790,-2.017743875299836,4.662344317926299e-05
3800,-2.0263043631349262,4.866099540740798e-05
3810,-2.0227694286819444,4.7708236925525095e-05
3820,-2.0249348858851324,4.8083097253084465e-05
3830,-2.0188623680039153,4.756171654335587e-05
3840,-2.0302176269457903,4.951800999680396e-05
3850,-2.0315758154695662,5.008223079240168e-05
3860,-2.029813750503988,4.9456108672983246e-05
3870,-2.0270306872473305,4.932845924082028e-05
3880,-2.022659466943215,4.864979323581202e-05
3890,-2.0200064716967803,4.8686834320695675e-05
3900,-2.0206676280280735,4.919177389667037e-05
3910,-2.0150710331120005,4.784790914275695e-05
3920,-2.012498256617096,4.8225814941807335e-05
3930,-2.0114302436205254,4.851316192555904e-05
3940,-2.0151394816761665,4.9076024670339484e-05
3950,-2.0090623909140564,4.838935722743912e-05
3960,-2.0133781850533046,4.9687999149414315e-05
3970,-1.9986118676832636,4.7527816797896186e-05
3980,-2.0213083400432814,5.120252110586956e-05
3990,-2.0053156512742034,4.8991981082488374e-05
4000,-1.9927953033150196,4.727512430698482e-05
4010,-1.998062882408749,4.840870087991634e-05
4020,-2.0025162356643946,4.935574053691134e-05
4030,-2.0009669089385262,4.9223401410275454e-05
4040,-2.0045031497006125,5.050687162355778e-05
4050,-1.9743907152754774,4.6349459082972625e-05
4060,-1.9999851002786422,5.042163920537934e-05
4070,-2.005888007181527,5.1418244712274954e-05
4080,-1.999344677441768,5.0359088883723214e-05
4090,-1.99492039211565,4.996065151982412e-05
4100,-1.9894015535425709,4.970040033869707e-05
4110,-1.976121069488758,4.80586537141925e-05
4120,-1.9898476813350758,4.961255161698929e-05
4130,-1.9991170028035847,5.081682055522013e-05
4140,-1.979228491830358,4.858557510641371e-05
4150,-1.9772263666705825,4.897157449105745e-05
4160,-1.9816851999631224,4.8867388888854535e-05
4170,-2.0060912696569932,5.32009127711721e-05
4180,-1.9675074136779809,4.8421156545334315e-05
4190,-1.9622587943595227,4.823683755961042e-05
4200,-1.9851118480769692,5.1311619578419356e-05
4210,-1.9546397390727872,4.72668926871889e-05
4220,-1.9737931646957658,5.026406075081046e-05
4230,-1.957404218381485,4.799222461514636e-05
4240,-1.9601456996944997,4.861340826241616e-05
4250,-1.9597239585457793,4.811671528684681e-05
4260,-1.970163446208228,5.0312257967101316e-05
4270,-1.9769758602432461,5.1175543109347314e-05
4280,-1.9310485389277297,4.5347848261462216e-05
4290,-1.9600504324321684,4.9537457070560054e-05
4300,-1.9684981172685718,5.080574303035608e-05
4310,-1.9511869042812264,4.86637929175373e-05
4320,-1.9314991662137764,4.6282972323567935e-05
4330,-1.9526726432242671,4.9244440144061156e-05
4340,-1.968265240165671,5.142994190303278e-05
4350,-1.9423158045774171,4.815990357418828e-05
4360,-1.952234220024428,4.8705006296342715e-05
4370,-1.9516182140493636,4.8035110292537056e-05
4380,-1.9557465088179289,4.788276279589546e-05
4390,-1.9567818087966469,4.7776073086954963e-05
4400,-1.9489098596693755,4.745915251535149e-05
4410,-1.94260852418343,4.955463096424876e-05
4420,-1.923838974777001,4.648536499610326e-05
4430,-1.9508014209723648,5.0355413237366196e-05
4440,-1.914802932970436,4.5861383418989545e-05
4450,-1.9180675267455987,4.652333854088299e-05
4460,-1.9337225682572263,4.9060553017374916e-05
4470,-1.9277015312859938,4.8143246197298865e-05
4480,-1.916334557351408,4.672166129221175e-05
4490,-1.9467630534191989,4.6958535642439596e-05
4500,-1.9600470044907576,4.8272849332553304e-05
4510,-1.9236771863627073,4.569915181326344e-05
4520,-1.91767246031284,4.69800398963526e-05
4530,-1.9323694118587424,4.8731710868906164e-05
4540,-1.8963753495169804,4.4238322439025545e-05
4550,-1.9289650914893135,4.7841478576957704e-05
4560,-1.9171624730862966,4.68992968949232e-05
4570,-1.915593933102496,4.675885940212166e-05
4580,-1.9320820477594003,4.931707156378878e-05
4590,-1.8905645129605733,4.450478442640443e-05
4600,-1.9130210697050565,4.720611377991891e-05
4610,-1.9061783991942913,4.626029909727425e-05
4620,-1.9063459830402574,4.629060886023034e-05
4630,-1.9296692360390526,4.89254102712158e-05
4640,-1.8901478301739012,4.421225248420848e-05
4650,-1.9081058531901958,4.68149251096345e-05
4660,-1.8917503891688934,4.475958874688669e-05
4670,-1.9097916486432742,4.7034390718496156e-05
4680,-1.9019431021997903,4.5856484984153656e-05
4690,-1.893156825513168,4.4820186371981664e-05
4700,-1.8987680426923055,4.636037852403834e-05
4710,-1.9000548747822616,4.623398397904034e-05
4720,-1.8918694408140702,4.5498175834906826e-05
4730,-1.8928606088117774,4.607928548495419e-05
4740,-1.8819671499476665,4.499502065631784e-05
4750,-1.8927086358792966,4.634569864226659e-05
4760,-1.8794613319921545,4.4700099466729194e-05
4770,-1.8883285301001418,4.5670607495789264e-05
4780,-1.8995450468207704,4.738137558971721e-05
4790,-1.8739966912191075,4.4115799608281735e-05
4800,-1.8852796422039455,4.57437745034992e-05
4810,-1.8917169917395107,4.710867839614466e-05
4820,-1.8610569834523105,4.3212421334921493e-05
4830,-1.8956113250353794,4.797118843963555e-05
4840,-1.86597251579572,4.4406657360314635e-05
4850,-1.8633202367484751,4.411099631360012e-05
4860,-1.8839004418957082,4.661621482630238e-05
4870,-1.8718303411264035,4.4728816018153605e-05
4880,-1.8612190962196629,4.34902221747012e-05
4890,-1.8880680506379985,4.750428984550051e-05
4900,-1.863536237380732,4.443510770425988e-05
4910,-1.8559969742442342,4.365499334977935e-05
4920,-1.8821777195511746,4.626158525877098e-05
4930,-1.872933395860902,4.5259293672438575e-05
4940,-1.849066931458668,4.3113829630708315e-05
4950,-1.864990030820455,4.5471248558310414e-05
4960,-1.8732174517399336,4.702200793231076e-05
4970,-1.8462258417605668,4.3717343844779325e-05
4980,-1.8605587309429907,4.556513067115097e-05
4990,-1.848571089386022,4.40984626864784e-05
5000,-1.8777277576233633,4.717712418075292e-05
5010,-1.8499221571340498,4.425414401083908e-05
5020,-1.8489087431006286,4.4580132154190786e-05
5030,-1.8434117872521851,4.396076604528401e-05
5040,-1.863485405869932,4.642541961148279e-05
5050,-1.8467629865390858,4.4646114469102904e-05
5060,-1.8408090611522898,4.425745627628605e-05
5070,-1.8624165097777714,4.739095539802312e-05
5080,-1.8277877024877311,4.313526280841629e-05
5090,-1.8586178823823392,4.666914422045231e-05
5100,-1.8292969777542403,4.318945677481724e-05
5110,-1.8479347779706845,4.549164171176546e-05
5120,-1.8472389073034219,4.591042386796864e-05
5130,-1.853959659938817,4.6829011257244216e-05
5140,-1.8166548656229953,4.218514234876937e-05
5150,-1.846358340450454,4.627946177205291e-05
5160,-1.822726618344322,4.335176074069676e-05
5170,-1.8437384682298443,4.575854282115834e-05
5180,-1.84152844148025,4.5272853928925945e-05
5190,-1.8471693090911228,4.640673108791803e-05
5200,-1.8376663420346702,4.5582944711954774e-05
5210,-1.8442718177924664,4.679510254331414e-05
5220,-1.8117446682045693,4.2895247583531755e-05
5230,-1.851202475492131,4.741808422207177e-05
5240,-1.8137276858473428,4.327982700389602e-05
5250,-1.8410796241593534,4.6699838853514315e-05
5260,-1.8165730452345563,4.382129884659295e-05
5270,-1.8377219236661333,4.6275344042386566e-05
5280,-1.814324960365062,4.376021567743041e-05
5290,-1.8214399119439486,4.476096792725257e-05
5300,-1.807039498145393,4.32504557380455e-05
5310,-1.8338960616609004,4.6699515246882914e-05
5320,-1.8109650104956112,4.370197812711452e-05
5330,-1.8257361846138747,4.545295023277488e-05
5340,-1.831055832447527,4.619129654603927e-05
5350,-1.8017951080843326,4.279441349963231e-05
5360,-1.8385172536959515,4.7272742056679725e-05
5370,-1.806701108826666,4.371982154090971e-05
5380,-1.8268970662461375,4.638549333368248e-05
5390,-1.8088857774785574,4.3924287739243336e-05
5400,-1.8182776985520634,4.541546273848055e-05
5410,-1.820517289855907,4.5345332879986014e-05
5420,-1.8083419437520305,4.488547830516653e-05
5430,-1.80342507504239,4.4077961267294474e-05
5440,-1.819253867794939,4.516042271272969e-05
5450,-1.8288402563483726,4.665301960529245e-05
5460,-1.8243768612215685,4.696337180729663e-05
5470,-1.806067966801611,4.4932183786745855e-05
5480,-1.8076434534066628,4.465364063824358e-05
5490,-1.817673686231515,4.5888139788566944e-05
5500,-1.8091035857605913,4.4711369138807655e-05
5510,-1.818885140647786,4.585989766973829e-05
5520,-1.8049551684413838,4.47822414692166e-05
5530,-1.795754771826329,4.386849073155097e-05
5540,-1.8220055697019415,4.7227863271985404e-05
5550,-1.7982950851954647,4.442317676373369e-05
5560,-1.7998631029808412,4.4486501927538067e-05
5570,-1.8107091749278232,4.57461308705622e-05
5580,-1.8059962264889553,4.528144886506488e-05
5590,-1.809682200602592,4.569936496706901e-05
5600,-1.779486586902264,4.245743798208064e-05
5610,-1.796134888870214,4.4664288024886525e-05
5620,-1.8083375207883028,4.58657725067544e-05
5630,-1.7857360279146242,4.32673586074849e-05
5640,-1.780306970124047,4.273188841854513e-05
5650,-1.783763352494768,4.347628370364796e-05
5660,-1.7826435339983036,4.3956702573106054e-05
5670,-1.785518801081028,4.445739044465383e-05
5680,-1.806322738656747,4.675436289713326e-05
5690,-1.7811328479617845,4.334322026642175e-05
5700,-1.775267982658746,4.2623651239325665e-05
5710,-1.7799423845103384,4.357412441633593e-05
5720,-1.7649100856273003,4.241702495720727e-05
5730,-1.8081617288605358,4.7253536444104554e-05
5740,-1.766361083036708,4.2557879184237856e-05
5750,-1.7757406053882636,4.3564547455717286e-05
5760,-1.7926691270130968,4.556133746828016e-05
5770,-1.7686577150981868,4.276714395569904e-05
5780,-1.7804377189838962,4.426796916499801e-05
5790,-1.782969167521556,4.42793580769046e-05
5800,-1.7874631992259682,4.521389920396972e-05
5810,-1.784482813026657,4.4912095776419625e-05
5820,-1.7914341497023305,4.579932843375247e-05
5830,-1.755365009438948,4.1907268475861345e-05
5840,-1.7874350480185266,4.5554833115395876e-05
5850,-1.7626803511400597,4.2707538601977704e-05
5860,-1.7976222217486246,4.695700245999458e-05
5870,-1.7928712938179767,4.653660872884978e-05
5880,-1.7921539085943377,4.643626748711513e-05
5890,-1.7907612382505451,4.6424772504722315e-05
5900,-1.7910588276031607,4.6642829825476256e-05
5910,-1.7877958260206317,4.606485217069162e-05
5920,-1.7580494291718534,4.216320142821271e-05
5930,-1.7821792177891773,4.510065596366636e-05
5940,-1.7702091627046392,4.3581929312473717e-05
5950,-1.7623416832446412,4.3214357738988975e-05
5960,-1.7645842471047477,4.360693283255769e-05
5970,-1.7642302189753627,4.348271428277975e-05
5980,-1.7640496066216131,4.34490208628033e-05
5990,-1.7629087811574184,4.354245101660504e-05
6000,-1.7508997347135093,4.2041394604437647e-05
6010,-1.7940413171695226,4.703272545524504e-05
6020,-1.7652740296972074,4.344633461521344e-05
6030,-1.7545421585185759,4.251903230078306e-05
6040,-1.7898905813447221,4.666911434330705e-05
6050,-1.7591553717449422,4.301609180870085e-05
6060,-1.7656925693109125,4.4254518154687587e-05
6070,-1.7788058557733724,4.590341500141717e-05
6080,-1.7466625688950213,4.20090431582333e-05
6090,-1.7590590171366207,4.367412559815894e-05
6100,-1.7651610047608743,4.434579931379736e-05
6110,-1.7719190523020112,4.499072821010421e-05
6120,-1.7753482450446747,4.521939034312298e-05
6130,-1.7689161419350452,4.444283013249404e-05
6140,-1.7741485872483997,4.504915378644849e-05
6150,-1.7807736521816009,4.5897567519419504e-05
6160,-1.776028999133082,4.5004370979391126e-05
6170,-1.7758869791430356,4.5288834816861084e-05
6180,-1.7645082273818857,4.402058019213245e-05
6190,-1.7523580489069517,4.239109556882827e-05
6200,-1.7645574523423042,4.421851001113115e-05
6210,-1.7495683603572634,4.2607844272117394e-05
6220,-1.7456622301812494,4.2237460754162216e-05
6230,-1.7479976893765556,4.273963250016531e-05
6240,-1.75946325593891,4.427083811406934e-05
6250,-1.7572761380410515,4.371933395106747e-05
6260,-1.7697959682182451,4.529310839604469e-05
6270,-1.7470724175265497,4.238839440082583e-05
6280,-1.7536258848538253,4.3279619219699316e-05
6290,-1.751404008710131,4.3454119967810135e-05
6300,-1.7448279415103638,4.254563863027308e-05
6310,-1.7600588965895545,4.416881779257627e-05
6320,-1.7451760444994255,4.226416044073689e-05
6330,-1.7726372042601284,4.5853674507512774e-05
6340,-1.7711669737608844,4.558291530131782e-05
6350,-1.748658427688052,4.295292796001987e-05
6360,-1.7570178012387387,4.400723408839659e-05
6370,-1.7582929785159778,4.412240362888219e-05
6380,-1.7402301698353118,4.2368808630698613e-05
6390,-1.7676285473585374,4.5493373149801524e-05
6400,-1.737603161075354,4.202860105031361e-05
6410,-1.770284237132407,4.555324590702092e-05
6420,-1.7334750340417004,4.173523368492603e-05
6430,-1.7605732330964543,4.506419767506987e-05
6440,-1.735741663784145,4.208681566317018e-05
6450,-1.7637378588691395,4.489828057443414e-05
6460,-1.7438745356842886,4.2538408816540874e-05
6470,-1.7495759354303073,4.292311098805994e-05
6480,-1.7280920726713458,4.097464476694349e-05
6490,-1.7520506864073238,4.395417539566036e-05
6500,-1.7450515301078646,4.267795547552315e-05
6510,-1.7569218539826101,4.4414270377919434e-05
6520,-1.7244923734180866,4.102729620768195e-05
6530,-1.7413814993457024,4.2588268650107144e-05
6540,-1.7633559962569354,4.490274537478182e-05
6550,-1.7373569481153883,4.2058652937081304e-05
6560,-1.7437818850974331,4.303900425967785e-05
6570,-1.7489701291670194,4.3843962131563006e-05
6580,-1.7483082578759843,4.34107126666739e-05
6590,-1.7597183722613092,4.511562919952038e-05
6600,-1.7230566785181896,4.109132963743648e-05
6610,-1.7395321355946036,4.309407561220544e-05
6620,-1.7467405491668793,4.362060570572664e-05
6630,-1.7299589144176988,4.147344318184889e-05
6640,-1.7429947488314113,4.3356186054340645e-05
6650,-1.7363440481481405,4.233744615533936e-05
6660,-1.743279508346795,4.358886132380586e-05
6670,-1.7454190137138283,4.341207236094316e-05
6680,-1.741501035656438,4.3135786196297246e-05
6690,-1.74863902081427,4.437076805098438e-05
6700,-1.7249031047444532,4.095373863741356e-05
6710,-1.7268185171819461,4.1453815345067935e-05
6720,-1.7215143565121913,4.1229895427660006e-05
6730,-1.734086387276081,4.210469920540359e-05
6740,-1.7193683175378582,4.09915276661953e-05
6750,-1.7419715088414598,4.355127068049496e-05
6760,-1.7252536994479268,4.1172672128195045e-05
6770,-1.7455469739978564,4.3704436767745025e-05
6780,-1.7377563133554037,4.337738035750122e-05
6790,-1.7277652252139148,4.1784693082579174e-05
6800,-1.7225225915411677,4.1853709814395806e-05
6810,-1.7270789911341466,4.1959070901638153e-05
6820,-1.7190861961667327,4.109237473329762e-05
6830,-1.718920099336235,4.137120564806387e-05
6840,-1.7378963622374035,4.3099780096936763e-05
6850,-1.7334983586483705,4.2507515675244366e-05
6860,-1.734695413852988,4.214051008801615e-05
6870,-1.7303562007507232,4.246050663568007e-05
6880,-1.7336710902276786,4.259310889472223e-05
6890,-1.7215155946342566,4.110349932879819e-05
6900,-1.7105198416194531,4.029112281577608e-05
6910,-1.7412016799149022,4.342771065319516e-05
6920,-1.7401659814493662,4.3366322352693174e-05
6930,-1.7199156933427517,4.086475788856398e-05
6940,-1.7277749497846555,4.218971511675705e-05
6950,-1.716547479311721,4.0597683059651665e-05
6960,-1.7358613961440266,4.260955928397724e-05
6970,-1.7138294670284822,4.032356911789475e-05
6980,-1.7425441863654338,4.336898050077767e-05
6990,-1.7149353742936153,3.9927935060218476e-05
7000,-1.7443161449279987,4.316628122624201e-05
7010,-1.7174958007387697,4.018773619074684e-05
7020,-1.7368889075445704,4.288281789585998e-05
7030,-1.7135302698160642,4.054315856635864e-05
7040,-1.7394251762762067,4.319981877793257e-05
7050,-1.712164151657051,3.994930092454266e-05
7060,-1.7394706702437694,4.271362415368182e-05
7070,-1.7088754689326198,3.948179823089299e-05
7080,-1.7370952140168991,4.247583813206557e-05
7090,-1.7102622227289792,3.970976146071116e-05
7100,-1.7384050945226466,4.283444026621514e-05
7110,-1.71047740774877,3.992770194222026e-05
7120,-1.7397670642799128,4.302912881412454e-05
7130,-1.7076079867418017,3.9340925904873266e-05
7140,-1.7357489693797141,4.220854868513768e-05
7150,-1.7129303827280398,3.997815375769369e-05
7160,-1.7252987154166306,4.1545736212081013e-05
7170,-1.7165220449936165,4.075405336198137e-05
7180,-1.7204271430271643,4.113199192703478e-05
7190,-1.7083312595040898,3.933613814087082e-05
7200,-1.7350624355108633,4.220662438749396e-05
7210,-1.7059996136233562,3.9190121736673086e-05
7220,-1.7412873636320476,4.3146684608154736e-05
7230,-1.7053814229490278,3.924284843147977e-05
7240,-1.7332718964307514,4.212228807603716e-05
7250,-1.7161304808182478,4.048023862205359e-05
7260,-1.7199393844041533,4.1104846078022806e-05
7270,-1.7154414202194612,4.0254749925858796e-05
7280,-1.7252529155036556,4.1407729947117153e-05
7290,-1.711544001858033,4.0283423426036306e-05
7300,-1.7293450140199347,4.205725419435407e-05
7310,-1.7044160360295797,3.9341313815228565e-05
7320,-1.7219738607775625,4.118800767709483e-05
7330,-1.7281661050663601,4.1706415234066664e-05
7340,-1.7124351467363812,4.036674194961106e-05
7350,-1.7313345652053858,4.2470712281093304e-05
7360,-1.7112675726287838,4.002153832264443e-05
7370,-1.719072397355445,4.057521211476986e-05
7380,-1.7225090518473216,4.1399690745377056e-05
7390,-1.7149341456306653,4.048519007073592e-05
7400,-1.7169460194081338,4.039487136485206e-05
7410,-1.7299064858220314,4.2190396835437253e-05
7420,-1.7041407265411894,3.938287112074835e-05
7430,-1.7197898546029984,4.1497797490669584e-05
7440,-1.7119606630834268,4.021268028931981e-05
7450,-1.7270362861980277,4.169151839885948e-05
7460,-1.7099866886039632,4.016591542247741e-05
7470,-1.721219573495776,4.1538067748025324e-05
7480,-1.7097627570107414,3.9870577269667495e-05
7490,-1.7164451869381676,4.106854356855133e-05
7500,-1.7128883940835944,4.0400632298747384e-05
7510,-1.7066639706618358,3.974450407795594e-05
7520,-1.724039677708796,4.1435977200135215e-05
7530,-1.699067071067823,3.9006615754150365e-05
7540,-1.7299034724536841,4.2419098633781394e-05
7550,-1.6989464058514285,3.904543720054252e-05
7560,-1.731701450464027,4.256809942798866e-05
7570,-1.7034062646945127,3.956421351813376e-05
7580,-1.7129223283150186,4.0768336665665e-05
7590,-1.7225247276660884,4.164818102992252e-05
7600,-1.7087108522350676,3.978011457529921e-05
7610,-1.7120193909329202,4.028792861908597e-05
7620,-1.714950423234925,4.032853761541872e-05
7630,-1.7017200330979845,3.9300867010728484e-05
7640,-1.7197438945600212,4.1752052531706764e-05
7650,-1.6957314771535767,3.902495432760423e-05
7660,-1.7240737836066484,4.22078435192083e-05
7670,-1.700460582768048,3.9395055896855386e-05
7680,-1.6971013611599648,3.88565151518163e-05
7690,-1.723311976528046,4.177243184393771e-05
7700,-1.6950265517440963,3.883646971345719e-05
7710,-1.727805421278185,4.257726881015228e-05
7720,-1.6936052387912308,3.863760355832165e-05
7730,-1.722079006815319,4.1945756230937e-05
7740,-1.6999837858860072,3.930373280604706e-05
7750,-1.6989050521404723,3.941619224252971e-05
7760,-1.7214317946438875,4.202945314524863e-05
7770,-1.6971712547931175,3.935637204726349e-05
7780,-1.7043143712659106,4.0233651636996505e-05
7790,-1.719644443940015,4.18353523514856e-05
7800,-1.7023195185162532,4.026665503944505e-05
7810,-1.6971251001644003,3.996633453619557e-05
7820,-1.712672812660534,4.1529775309418e-05
7830,-1.6856919210751464,3.867763542445051e-05
7840,-1.7033983927038616,4.032963921957635e-05
7850,-1.701322705827801,3.9919335205978075e-05
7860,-1.6894823368726017,3.911747759070497e-05
7870,-1.7004594188607083,4.033760147853036e-05
7880,-1.6999906372255593,3.991313029481323e-05
7890,-1.7011322720154425,4.027787239047163e-05
7900,-1.6789027264982714,3.813317285733919e-05
7910,-1.6968347629446106,4.007850484113508e-05
7920,-1.6975311672239506,4.01692577571171e-05
7930,-1.69008004265103,3.9095555469498696e-05
7940,-1.7032213945460064,4.108802819641763e-05
7950,-1.6789577871135635,3.819498038167222e-05
7960,-1.7076006328965854,4.13463653248385e-05
7970,-1.6999105872983857,4.0207573234368925e-05
7980,-1.6751259921131403,3.7741387370372734e-05
7990,-1.7033310519113585,4.07938716325698e-05
8000,-1.6783370921352994,3.816001852906355e-05
8010,-1.705210810064525,4.087850081018969e-05
8020,-1.683263773239893,3.8456052642835355e-05
8030,-1.693761757105818,3.97751523719939e-05
8040,-1.691079938617082,3.973481080396089e-05
8050,-1.6839771482600774,3.8506219034574604e-05
8060,-1.696254444871351,4.0616258450051384e-05
8070,-1.6852207202705969,3.89538690552665e-05
8080,-1.7094836899222585,4.1463094536559915e-05
8090,-1.684921001049105,3.894005251216596e-05
8100,-1.696761090566783,4.049236175297622e-05
8110,-1.675900908450947,3.827743106926566e-05
8120,-1.7000241949380204,4.083083727557643e-05
8130,-1.682927524111468,3.88164021622199e-05
8140,-1.6892910276406752,3.9776155483304244e-05
8150,-1.6894782488932119,3.9631847419724745e-05
8160,-1.6949220206584137,4.0476457886331177e-05
8170,-1.6735173233953986,3.7961041720989474e-05
8180,-1.6947158380642227,4.008477288550548e-05
8190,-1.6756047766868347,3.805352642021196e-05
8200,-1.696173140243549,4.0872875027212984e-05
8210,-1.6737329191995054,3.8051401361084056e-05
8220,-1.7000084773584658,4.081493276797133e-05
8230,-1.6669309191937893,3.739479356987781e-05
8240,-1.697169333676965,4.071519604607948e-05
8250,-1.6701166530810834,3.772269334128844e-05
8260,-1.6909960829422424,4.025984977005946e-05
8270,-1.6699791088333107,3.7743514347325854e-05
8280,-1.691049721034943,4.01769442058175e-05
8290,-1.6841432874510023,3.949223718576604e-05
8300,-1.6713985578297208,3.765963326058338e-05
8310,-1.6917091682582264,4.0323219572263495e-05
8320,-1.6681824094719786,3.790860668741304e-05
8330,-1.687009104628789,4.006603848710307e-05
8340,-1.6763903438901118,3.8943436190021795e-05
8350,-1.6713384200154235,3.815185916631496e-05
8360,-1.686614841419854,3.959157324672264e-05
8370,-1.6733462326262325,3.806042317279024e-05
8380,-1.6864777331989664,3.952434529170977e-05
8390,-1.6614110737102408,3.702191225647442e-05
8400,-1.6894836994734537,4.026837498333541e-05
8410,-1.6645181198145267,3.759261669000074e-05
8420,-1.69380340775059,4.035547234237381e-05
8430,-1.659999145683362,3.684132653373997e-05
8440,-1.6831527695220885,3.930698268466459e-05
8450,-1.6619448710401923,3.723451634367215e-05
8460,-1.6743391856299759,3.85788973991271e-05
8470,-1.677376899852715,3.9079939788180995e-05
8480,-1.6641865999751613,3.731431097624898e-05
8490,-1.6814643904787046,3.942103694470914e-05
8500,-1.6592560646531143,3.6819044817536246e-05
8510,-1.691207671479769,4.0500405298249614e-05
8520,-1.6605583625428384,3.715667562327706e-05
8530,-1.6704096353139049,3.8593351895167324e-05
8540,-1.673505732035857,3.897578776675465e-05
8550,-1.6802016180176171,3.900461726290513e-05
8560,-1.6585622418538566,3.698456721272258e-05
8570,-1.6762909589304424,3.860572509059773e-05
8580,-1.6700212298331796,3.8284321042717145e-05
8590,-1.6615094344694086,3.7484500496304044e-05
8600,-1.682337878206516,3.988373523872559e-05
8610,-1.6584780395231846,3.7164341851185216e-05
8620,-1.681265416200614,3.9561364835945434e-05
8630,-1.657908013736544,3.6980570006178795e-05
8640,-1.6841888892292143,3.9991862325401505e-05
8650,-1.6524651764948441,3.660193338202789e-05
8660,-1.6787422579444586,3.925414671689523e-05
8670,-1.6556592475292433,3.725811194785699e-05
8680,-1.6815727575990411,3.962284126076984e-05
8690,-1.66661706961945,3.833741913416701e-05
8700,-1.680127932015954,3.973337147246396e-05
8710,-1.6489562619872047,3.6515971411878114e-05
8720,-1.6713129836648288,3.908113954067548e-05
8730,-1.67520417811643,3.9663664995159744e-05
8740,-1.6650713845486813,3.848043138106706e-05
8750,-1.661263197685671,3.7899472356814095e-05
8760,-1.6708300444605813,3.918267673882933e-05
8770,-1.6605976468298722,3.797012104489141e-05
8780,-1.6694565626076165,3.901345839106512e-05
8790,-1.6700933000819524,3.9002646475212464e-05
8800,-1.6723828837902655,3.90161677781875e-05
8810,-1.6467207419009207,3.6419301788394694e-05
8820,-1.6734334097788441,3.9215583602629605e-05
8830,-1.6580925241474695,3.7520815690287355e-05
8840,-1.6625636502582808,3.8171415797046056e-05
8850,-1.6563392223838325,3.757268032859134e-05
8860,-1.6668131451885548,3.878474532589743e-05
8870,-1.6680619687580567,3.8942656321248564e-05
8880,-1.6516030689394199,3.691855394194603e-05
8890,-1.6693101534171764,3.882673909196807e-05
8900,-1.646416191566157,3.64872299196868e-05
8910,-1.6767870497606243,3.9728819877416084e-05
8920,-1.6486073394632974,3.687990912878456e-05
8930,-1.6593796742846596,3.813362370671922e-05
8940,-1.6660195322294988,3.867095378040576e-05
8950,-1.6684349858571614,3.905761234411698e-05
8960,-1.673666908389297,3.9787954708376215e-05
8970,-1.6570672567428684,3.7924275431617094e-05
8980,-1.6473129130166608,3.652668568214072e-05
8990,-1.663405487103163,3.831880749273383e-05
9000,-1.6760094791593623,3.9788529891167504e-05
9010,-1.6402733697985539,3.593615946354222e-05
9020,-1.6714132646070545,3.947660694192137e-05
9030,-1.640744681682803,3.614791172860335e-05
9040,-1.6721982071996735,3.961922622766659e-05
9050,-1.6496954236778716,3.727414178675474e-05
9060,-1.6513505253239018,3.7240397820220575e-05
9070,-1.6628683617576518,3.8576627130556224e-05
9080,-1.648935443875773,3.7020483494034015e-05
9090,-1.6674479884474322,3.9077480964377014e-05
9100,-1.6423012334784908,3.645012566115398e-05
9110,-1.6567250453924043,3.794429011541907e-05
9120,-1.6458775314757437,3.690126575702257e-05
9130,-1.6724027435299496,3.971673810694404e-05
9140,-1.638846430243247,3.607206494121146e-05
9150,-1.6676693076844462,3.919770967135381e-05
9160,-1.6658251806991629,3.910035178815315e-05
9170,-1.6447087499256998,3.69906143654025e-05
9180,-1.6587710912033475,3.846542845066078e-05
9190,-1.6564056197731756,3.8202269786949126e-05
9200,-1.6693243257473298,3.962356740951555e-05
9210,-1.6378119154682207,3.618611351257491e-05
9220,-1.6454357156752923,3.693441187560828e-05
9230,-1.637529840622309,3.6124705413514814e-05
9240,-1.6686792981255476,3.972380240477214e-05
9250,-1.635363416675597,3.582197310871799e-05
9260,-1.6601350716919578,3.8778817708645696e-05
9270,-1.6410784176692104,3.657377001050652e-05
9280,-1.6671800155621828,3.9549963741913175e-05
9290,-1.6337251635112366,3.585912901631356e-05
9300,-1.6573689460797496,3.825463237637633e-05
9310,-1.6384770511538616,3.624656595045376e-05
9320,-1.64853658405554,3.7219488390869864e-05
9330,-1.660690371489845,3.8651858833825854e-05
9340,-1.6370977812176448,3.607897995300563e-05
9350,-1.6592369700354144,3.8807429864009564e-05
9360,-1.6476088632115715,3.7588433468037004e-05
9370,-1.6354492401663265,3.597891340561602e-05
9380,-1.6451076557141722,3.733952104681919e-05
9390,-1.642656575480425,3.7071680436708034e-05
9400,-1.6479242294810224,3.7983026719647245e-05
9410,-1.6577356146124558,3.8498476059581035e-05
9420,-1.6320025878440703,3.601397844084292e-05
9430,-1.6419065089889386,3.7014474726615096e-05
9440,-1.658758078921463,3.8831375339811045e-05
9450,-1.6329134028535333,3.637765149024724e-05
9460,-1.6439075235884577,3.730004886795687e-05
9470,-1.6604114810741046,3.880434886724563e-05
9480,-1.6395700038158838,3.71980629380865e-05
9490,-1.6274013618545908,3.552154775854501e-05
9500,-1.6571918134167685,3.879340167403925e-05
9510,-1.6489769467505682,3.821722901217622e-05
9520,-1.6436331953719971,3.758031695345715e-05
9530,-1.6368249460956,3.642940326761313e-05
9540,-1.6523867245967125,3.8369074445724235e-05
9550,-1.6376010288169358,3.672017997372048e-05
9560,-1.6260552991277848,3.564869519797511e-05
9570,-1.6563795672331512,3.88156079507624e-05
9580,-1.6325664086878007,3.660270899197892e-05
9590,-1.6306228788530799,3.650972003331665e-05
9600,-1.6201716968758522,3.537680164198907e-05
9610,-1.648025615688345,3.841792171316223e-05
9620,-1.6407449156340315,3.743791374876471e-05
9630,-1.630732660406541,3.659186545364496e-05
9640,-1.640140106692525,3.736163590075407e-05
9650,-1.6445003351848309,3.7802622026950274e-05
9660,-1.617556131734535,3.5116574815223225e-05
9670,-1.6554695526711096,3.901899512313381e-05
9680,-1.6199310318332545,3.5244868312094e-05
9690,-1.647090430023959,3.79496814444386e-05
9700,-1.6255411827822768,3.5681942359450015e-05
9710,-1.6534238518326452,3.8699457574731066e-05
9720,-1.6169411440997363,3.5247643882112914e-05
9730,-1.645157334277793,3.86007695023646e-05
9740,-1.633603591747704,3.7052893552937666e-05
9750,-1.6370035213733545,3.7288170113784136e-05
9760,-1.6361890860289965,3.741087745165996e-05
9770,-1.617918762037931,3.526704739857816e-05
9780,-1.6534268599380706,3.8895596973207697e-05
9790,-1.6212508608762661,3.564520921693792e-05
9800,-1.637652630858781,3.7208791984379256e-05
9810,-1.6375624398714763,3.7207135722281644e-05
9820,-1.6168843193528974,3.5218227899789386e-05
9830,-1.618782462305515,3.549433412097501e-05
9840,-1.641624241114598,3.7983367081323893e-05
9850,-1.6363672153829125,3.7244991580120386e-05
9860,-1.6176757420379981,3.557665106236478e-05
9870,-1.6412796402385148,3.768838940133876e-05
9880,-1.6150036187720829,3.519479518198191e-05
9890,-1.6374677782044007,3.7548751473923914e-05
9900,-1.642480750077347,3.8540427511922625e-05
9910,-1.629156669189009,3.705592386025291e-05
9920,-1.6149027959346822,3.547173749056366e-05
9930,-1.6464504679395973,3.865798379787987e-05
9940,-1.608680123034486,3.499644729535301e-05
9950,-1.639995115008854,3.800894767389282e-05
9960,-1.6135428688109152,3.545864139109282e-05
9970,-1.6421968693172813,3.821550529569571e-05
9980,-1.6174638035300062,3.5845410711839646e-05
9990,-1.6271386106676458,3.6820875862887896e-05
10000,-1.62837018745089,3.717750610589891e-05
